{
  "train_loss_history": [
    1.1407951208261342,
    1.1244865380800688,
    1.104851951965919,
    1.1050548828565157,
    1.0690608207996075,
    1.0558323860168457,
    1.0407042044859667,
    1.042783443744366,
    1.0126217282735384,
    1.002673933139214,
    0.995914257489718,
    0.9664027324089637,
    0.9522369366425735,
    0.9593789760883038,
    0.9373504015115591,
    0.950077969294328,
    0.9091526178213266,
    0.9032127444560711,
    0.8756484435154841,
    0.8690186418019809,
    0.8413315598781292,
    0.831655896626986,
    0.8279196940935575,
    0.7993269975368793,
    0.7816467789503244,
    0.7804879958813007,
    0.7544191617232102,
    0.7533198503347543,
    0.7252388917482816,
    0.6734007551119878,
    0.7046115215008075,
    0.6770617870184091,
    0.680960435133714,
    0.6374333546711848,
    0.6020207496789786,
    0.6002596066548274,
    0.6081740305973933,
    0.5820528956559988,
    0.5560795527238113,
    0.5552073212770315,
    0.5471426982146043,
    0.5067079113079951,
    0.4975449740886688,
    0.5032195999072149,
    0.4754974704522353,
    0.46281572717886704,
    0.43156843002025896,
    0.451772717329172,
    0.43573774282748884,
    0.4131297216965602
  ],
  "val_loss_history": [
    1.1304593086242676,
    1.1088212728500366,
    1.0870864391326904,
    1.0665571689605713,
    1.0465171337127686,
    1.0272513628005981,
    1.0089166164398193,
    0.990376889705658,
    0.971751868724823,
    0.953923761844635,
    0.9361094832420349,
    0.9185183644294739,
    0.9000942707061768,
    0.8821477890014648,
    0.8650604486465454,
    0.847929835319519,
    0.8310620784759521,
    0.8139105439186096,
    0.7966108322143555,
    0.7797136306762695,
    0.7627406120300293,
    0.7455126643180847,
    0.7273919582366943,
    0.7091750502586365,
    0.6909358501434326,
    0.6723660230636597,
    0.6541635990142822,
    0.635750949382782,
    0.6169579029083252,
    0.5984617471694946,
    0.5795369744300842,
    0.5614751577377319,
    0.5429962277412415,
    0.5258777141571045,
    0.5091124176979065,
    0.49318385124206543,
    0.47741255164146423,
    0.46195295453071594,
    0.44762682914733887,
    0.43383634090423584,
    0.4203737676143646,
    0.4078822433948517,
    0.3963174521923065,
    0.3849632740020752,
    0.37339678406715393,
    0.36295461654663086,
    0.3530152142047882,
    0.343685507774353,
    0.3343765437602997,
    0.3248240053653717
  ],
  "val_accuracy": 0.7142857142857143,
  "majority_baseline_accuracy": 0.7142857142857143,
  "class_names": [
    "buy",
    "sell",
    "hold"
  ],
  "val_true_counts": [
    0,
    4,
    10
  ],
  "val_pred_counts": [
    4,
    4,
    6
  ],
  "per_class_recall": [
    0.0,
    1.0,
    0.6
  ],
  "confusion_matrix": [
    [
      0,
      0,
      0
    ],
    [
      0,
      4,
      0
    ],
    [
      4,
      0,
      6
    ]
  ],
  "dataset_path": "sample_internal.csv",
  "model_output_path": "latest_model.pt",
  "training_data_output_path": "latest_training_data.csv"
}