{
  "train_loss_history": [
    0.021016419316602714,
    0.00492347700755433,
    0.0033208035058328125,
    0.0024535335739081445,
    0.002211264769093084,
    0.00170854787772122,
    0.0016603985622738679,
    0.0013642179702490966,
    0.0014066948541678584,
    0.0013220275679347896,
    0.0013592155908507223,
    0.0013716806443620521,
    0.0013579842519518708,
    0.0017607893017346874,
    0.0014816116870732332,
    0.00156567999883326,
    0.0013301112119962321,
    0.0014363393917440986,
    0.0016735693020504799,
    0.001302502481690358,
    0.0012500986562066472,
    0.0013257408142057939,
    0.0013332913805557828,
    0.0013246603848716748,
    0.00124944835799017,
    0.0012904178322011824,
    0.0014434073347259595,
    0.0013297685299408796,
    0.003712016500050541,
    0.0017883696594407164,
    0.001282514939663468,
    0.0012398867050649187,
    0.0013508434571208238,
    0.0013171705258278321,
    0.001338844571813619,
    0.0012922756073240167,
    0.0014106839624434607,
    0.0012148339788927251,
    0.004725074667370948,
    0.002532769463706735,
    0.0016529454859380475,
    0.001226633883422464,
    0.0013170753629935382,
    0.0013588938130385602,
    0.0013061748373721543,
    0.0014741927409566613,
    0.0013303305845620331,
    0.0028851623705132418,
    0.0013023669585020248,
    0.0016321532248071418
  ],
  "val_loss_history": [
    0.0025842702031855253,
    0.002131954625409789,
    0.0008310297978786552,
    0.0009947290883084397,
    0.0009130321668031279,
    0.0009266754682048163,
    0.0009461955411938237,
    0.0007478417340087036,
    0.0008968664870409382,
    0.000595346373013783,
    0.00071732191516579,
    0.0008611120573796135,
    0.0011198294041486483,
    0.0012018263507518933,
    0.0009540073800844418,
    0.0007678087485693492,
    0.0009458655923120556,
    0.0008580115128044788,
    0.0008642975695370642,
    0.000931926701584231,
    0.0008507646552753945,
    0.0009569726729633855,
    0.0006416938621516228,
    0.0007946654342584032,
    0.0008018735337543611,
    0.0010249031714057606,
    0.0009159321039866352,
    0.0010943101825477176,
    0.0011950149446481608,
    0.00146247062244818,
    0.0012803591177717173,
    0.0014396783655785826,
    0.001267919135650648,
    0.0015832727009181449,
    0.0009863467497779736,
    0.0011072848715255408,
    0.0011940233233241416,
    0.0014148339802007586,
    0.0011943848854529405,
    0.0012651185122967115,
    0.00123031274652271,
    0.001202174078212119,
    0.001682546965874346,
    0.0013278679510245392,
    0.0014715679911430288,
    0.0013104546030824032,
    0.0012416645907370896,
    0.001331757761259034,
    0.0013060662494955898,
    0.0014924136109931063
  ],
  "val_accuracy": 0.9999200106652446,
  "majority_baseline_accuracy": 0.3375283295560592,
  "class_names": [
    "buy",
    "sell",
    "hold"
  ],
  "val_true_counts": [
    12445,
    12401,
    12659
  ],
  "val_pred_counts": [
    12446,
    12401,
    12658
  ],
  "per_class_recall": [
    0.9999196464443552,
    1.0,
    0.9998420096374121
  ],
  "confusion_matrix": [
    [
      12444,
      0,
      1
    ],
    [
      0,
      12401,
      0
    ],
    [
      2,
      0,
      12657
    ]
  ],
  "dataset_path": "huge_internal.csv",
  "model_output_path": "model.pt",
  "training_data_output_path": "training_data.csv"
}