{
  "train_loss_history": [
    1.0861822178489284,
    0.9965441760263944,
    0.9685373682724802,
    0.8911223066480536,
    0.8573951156515824,
    0.7953597997364245,
    0.7551224325832567,
    0.7231738379127101,
    0.6546538942738583,
    0.6288250386714935,
    0.6131606854890522,
    0.5586786913244348,
    0.532578684781727,
    0.5035290263201061,
    0.5063043770037199,
    0.47589262221988876,
    0.46119896361702367,
    0.4449754169112758,
    0.43979930250268234,
    0.4080718771407479,
    0.40990785862270157,
    0.3969525663476241,
    0.4255056193000392,
    0.41282627457066584,
    0.37665778869076777,
    0.41087537376504196,
    0.3813437145007284,
    0.360773608872765,
    0.3797291768224616,
    0.3352968284958287,
    0.3904484902557574,
    0.38278689353089584,
    0.37794686932312815,
    0.363579975931268,
    0.34860991255233165,
    0.3804812666616942,
    0.36756558951578644,
    0.34741885567966263,
    0.3374364627035041,
    0.3575643018672341,
    0.34075870953108134,
    0.3549658907087226,
    0.36370211525967244,
    0.32044423410767003,
    0.32110665973864105,
    0.34150066344361557,
    0.2998466483856502,
    0.31395380198955536,
    0.34603124700094523,
    0.329104494107397
  ],
  "val_loss_history": [
    1.0254948139190674,
    0.9533377885818481,
    0.8838366270065308,
    0.8195685744285583,
    0.7601355910301208,
    0.7021095752716064,
    0.6480845212936401,
    0.5984485149383545,
    0.5533835887908936,
    0.5146657228469849,
    0.4807525873184204,
    0.45193684101104736,
    0.42411985993385315,
    0.399728387594223,
    0.3783562183380127,
    0.3607237935066223,
    0.3453443944454193,
    0.3330881595611572,
    0.32008299231529236,
    0.30925247073173523,
    0.3024523854255676,
    0.29476577043533325,
    0.28658849000930786,
    0.27894482016563416,
    0.2758570909500122,
    0.2742118537425995,
    0.27071985602378845,
    0.26906824111938477,
    0.2663637399673462,
    0.2653833031654358,
    0.2619358003139496,
    0.26102215051651,
    0.2624990940093994,
    0.26624807715415955,
    0.27289706468582153,
    0.2789025604724884,
    0.28508391976356506,
    0.28677141666412354,
    0.2810356616973877,
    0.28143510222435,
    0.27581891417503357,
    0.2679312825202942,
    0.26551908254623413,
    0.2596205472946167,
    0.2540988028049469,
    0.2508904039859772,
    0.24782361090183258,
    0.24579694867134094,
    0.24555222690105438,
    0.24851785600185394
  ],
  "val_accuracy": 0.85,
  "majority_baseline_accuracy": 0.45,
  "class_names": [
    "buy",
    "sell",
    "hold"
  ],
  "val_true_counts": [
    5,
    6,
    9
  ],
  "val_pred_counts": [
    4,
    6,
    10
  ],
  "per_class_recall": [
    0.6,
    1.0,
    0.8888888888888888
  ],
  "confusion_matrix": [
    [
      3,
      0,
      2
    ],
    [
      0,
      6,
      0
    ],
    [
      1,
      0,
      8
    ]
  ]
}